日期,时间,高,低,价格,开,成交量,成交额,成交笔数
2019/10/31,2019/10/31 10:30,3.58,3.53,3.56,3.58,210518202,750904113,41102
2019/10/31,2019/10/31 11:30,3.57,3.54,3.55,3.56,49923369,177910174,11877
2019/10/31,2019/10/31 14:00,3.56,3.54,3.54,3.56,49221547,175186571,15125
2019/10/31,2019/10/31 15:00,3.57,3.54,3.56,3.54,70617717,251604610,15231
2019/11/01,2019/11/01 10:30,3.57,3.53,3.57,3.55,61382511,218445662,13174
2019/11/01,2019/11/01 11:30,3.59,3.56,3.58,3.56,59969490,215150102,9215
2019/11/01,2019/11/01 14:00,3.59,3.58,3.59,3.58,40233023,144870789,8690
2019/11/01,2019/11/01 15:00,3.59,3.57,3.58,3.58,42207577,151649605,9454
2019/11/04,2019/11/04 10:30,3.62,3.58,3.60,3.58,99079597,357719396,15092
2019/11/04,2019/11/04 11:30,3.61,3.59,3.60,3.60,34753411,125870805,5837
2019/11/04,2019/11/04 14:00,3.61,3.58,3.58,3.61,34079224,122992214,6944
2019/11/04,2019/11/04 15:00,3.59,3.58,3.58,3.58,42426074,152731862,9718
2019/11/05,2019/11/05 10:30,3.59,3.55,3.56,3.58,75324030,269661564,13354
2019/11/05,2019/11/05 11:30,3.58,3.57,3.58,3.57,49825902,178941583,7556
2019/11/05,2019/11/05 14:00,3.60,3.58,3.58,3.58,56112054,202430020,9785
2019/11/05,2019/11/05 15:00,3.60,3.58,3.59,3.58,60160670,217053336,10195
2019/11/06,2019/11/06 10:30,3.61,3.58,3.59,3.60,72042758,260255590,9620
2019/11/06,2019/11/06 11:30,3.61,3.58,3.61,3.59,75899303,274217922,10607
2019/11/06,2019/11/06 14:00,3.61,3.59,3.60,3.61,29093178,105174017,6320
2019/11/06,2019/11/06 15:00,3.60,3.58,3.58,3.59,42963039,154670769,9253
2019/11/07,2019/11/07 10:30,3.62,3.57,3.61,3.58,106417710,384716462,13238
2019/11/07,2019/11/07 11:30,3.66,3.61,3.62,3.62,159868945,584233096,21662
2019/11/07,2019/11/07 14:00,3.66,3.61,3.66,3.62,113853441,416720694,16277
2019/11/07,2019/11/07 15:00,3.66,3.64,3.66,3.65,86235057,316701687,18559
2019/11/08,2019/11/08 10:30,3.69,3.63,3.64,3.68,108919905,399820102,17633
2019/11/08,2019/11/08 11:30,3.64,3.62,3.64,3.63,52467718,191501558,9224
2019/11/08,2019/11/08 14:00,3.65,3.61,3.63,3.64,48709805,177630140,9062
2019/11/08,2019/11/08 15:00,3.63,3.61,3.61,3.63,57673253,209934879,9637
2019/11/11,2019/11/11 10:30,3.59,3.54,3.56,3.59,146152866,521972505,23438
2019/11/11,2019/11/11 11:30,3.58,3.54,3.56,3.56,51615800,184011073,9672
2019/11/11,2019/11/11 14:00,3.57,3.54,3.55,3.56,36506846,130087428,7434
2019/11/11,2019/11/11 15:00,3.56,3.54,3.55,3.56,59259499,210822905,14850
2019/11/12,2019/11/12 10:30,3.62,3.57,3.59,3.57,169399697,611397846,20892
2019/11/12,2019/11/12 11:30,3.60,3.58,3.58,3.58,54690786,197007517,8316
2019/11/12,2019/11/12 14:00,3.63,3.58,3.61,3.58,101968450,370276976,16362
2019/11/12,2019/11/12 15:00,3.64,3.61,3.64,3.61,122679544,447682630,20013
2019/11/13,2019/11/13 10:30,3.64,3.59,3.61,3.63,103550094,376713292,13282
2019/11/13,2019/11/13 11:30,3.62,3.60,3.62,3.62,33506121,121702056,4972
2019/11/13,2019/11/13 14:00,3.62,3.60,3.61,3.62,42397779,153824826,6433
2019/11/13,2019/11/13 15:00,3.63,3.60,3.62,3.62,55138171,200493979,8150
2019/11/14,2019/11/14 10:30,3.75,3.60,3.71,3.61,392876458,1463148232,58378
2019/11/14,2019/11/14 11:30,3.75,3.71,3.74,3.72,175316745,658135827,28555
2019/11/14,2019/11/14 14:00,3.74,3.71,3.73,3.73,93494660,350395066,17088
2019/11/14,2019/11/14 15:00,3.77,3.73,3.74,3.73,222026568,836659608,36972
2019/11/15,2019/11/15 10:30,3.78,3.70,3.72,3.73,234075807,878710375,28801
2019/11/15,2019/11/15 11:30,3.75,3.71,3.71,3.71,94619680,354967237,10482
2019/11/15,2019/11/15 14:00,3.73,3.69,3.69,3.71,90524668,336921845,14965
2019/11/15,2019/11/15 15:00,3.71,3.66,3.67,3.69,117903583,436867159,18158
2019/11/18,2019/11/18 10:30,3.76,3.67,3.70,3.71,299439878,1121689152,39614
2019/11/18,2019/11/18 11:30,3.73,3.69,3.72,3.70,63700006,237450027,10616
2019/11/18,2019/11/18 14:00,3.72,3.69,3.70,3.72,49750091,185243744,9769
2019/11/18,2019/11/18 15:00,3.71,3.68,3.70,3.70,73129744,271502803,12803
2019/11/19,2019/11/19 10:30,3.68,3.64,3.67,3.68,173337728,637763885,27895
2019/11/19,2019/11/19 11:30,3.69,3.66,3.68,3.67,56769629,209832405,9227
2019/11/19,2019/11/19 14:00,3.69,3.67,3.69,3.67,52327500,193414322,8424
2019/11/19,2019/11/19 15:00,3.72,3.68,3.71,3.69,82612234,307235964,14097
2019/11/20,2019/11/20 10:30,3.70,3.65,3.67,3.69,115294565,425268024,19337
2019/11/20,2019/11/20 11:30,3.67,3.65,3.65,3.66,53453910,196567090,10080
2019/11/20,2019/11/20 14:00,3.66,3.64,3.66,3.65,48874763,179429848,10004
2019/11/20,2019/11/20 15:00,3.66,3.63,3.64,3.65,73537134,269308268,16222
2019/11/21,2019/11/21 10:30,3.68,3.60,3.66,3.61,134673737,493349520,19708
2019/11/21,2019/11/21 11:30,3.68,3.65,3.66,3.66,91920756,338549822,9952
2019/11/21,2019/11/21 14:00,3.67,3.65,3.66,3.66,26605040,97873124,5327
2019/11/21,2019/11/21 15:00,3.66,3.64,3.65,3.66,37592806,137971067,7373
2019/11/22,2019/11/22 10:30,3.70,3.64,3.67,3.64,137713147,508706944,13857
2019/11/22,2019/11/22 11:30,3.67,3.62,3.64,3.67,83244740,305233296,11889
2019/11/22,2019/11/22 14:00,3.64,3.61,3.61,3.63,53708660,195664977,10469
2019/11/22,2019/11/22 15:00,3.64,3.61,3.63,3.61,55799654,203283562,9647
2019/11/25,2019/11/25 10:30,3.67,3.59,3.67,3.63,165317713,604021534,20323
2019/11/25,2019/11/25 11:30,3.70,3.67,3.67,3.68,130691898,484019601,16142
2019/11/25,2019/11/25 14:00,3.69,3.66,3.68,3.68,58883893,217744146,9673
2019/11/25,2019/11/25 15:00,3.69,3.67,3.69,3.68,58461786,216244690,11203
2019/11/26,2019/11/26 10:30,3.93,3.72,3.82,3.72,825777354,3184932213,121101
2019/11/26,2019/11/26 11:30,3.85,3.81,3.82,3.82,97806502,376438089,20734
2019/11/26,2019/11/26 14:00,3.85,3.81,3.83,3.81,112175790,432124815,24518
2019/11/26,2019/11/26 15:00,3.87,3.82,3.84,3.82,245404596,947978923,44880
2019/11/27,2019/11/27 10:30,3.89,3.79,3.88,3.81,354726670,1371829004,43551
2019/11/27,2019/11/27 11:30,3.88,3.85,3.87,3.88,79354605,308358319,14720
2019/11/27,2019/11/27 14:00,3.88,3.85,3.85,3.87,110783200,430556760,17760
2019/11/27,2019/11/27 15:00,3.87,3.84,3.87,3.85,115244804,446625750,20641
2019/11/28,2019/11/28 10:30,3.92,3.85,3.86,3.86,253877733,990944950,35697
2019/11/28,2019/11/28 11:30,3.87,3.83,3.86,3.86,64364781,249149422,12105
2019/11/28,2019/11/28 14:00,3.86,3.84,3.85,3.86,63539324,245654715,9799
2019/11/28,2019/11/28 15:00,3.85,3.81,3.82,3.85,97540727,374975449,17948
2019/11/29,2019/11/29 10:30,3.93,3.82,3.91,3.82,364751419,1423908194,48767
2019/11/29,2019/11/29 11:30,3.92,3.87,3.88,3.90,134243733,525429727,16771
2019/11/29,2019/11/29 14:00,3.88,3.86,3.88,3.88,87207069,339195976,13629
2019/11/29,2019/11/29 15:00,3.89,3.87,3.88,3.87,112606424,439199205,19570
2019/12/02,2019/12/02 10:30,3.93,3.86,3.89,3.92,233374856,913680389,26600
2019/12/02,2019/12/02 11:30,3.89,3.86,3.88,3.89,63051211,245473259,11250
2019/12/02,2019/12/02 14:00,3.88,3.86,3.87,3.87,48179987,187499323,9846
2019/12/02,2019/12/02 15:00,3.88,3.85,3.87,3.87,91925294,357297760,16443
2019/12/03,2019/12/03 10:30,3.93,3.83,3.92,3.84,275946114,1081752980,33325
2019/12/03,2019/12/03 11:30,3.92,3.88,3.91,3.91,93847794,368049341,13075
2019/12/03,2019/12/03 14:00,3.92,3.90,3.91,3.91,100143288,393909762,15382
2019/12/03,2019/12/03 15:00,3.94,3.90,3.94,3.91,239523767,944916170,40882
2019/12/04,2019/12/04 10:30,4.09,3.91,4.05,3.93,740954961,2995471212,102342
2019/12/04,2019/12/04 11:30,4.07,4.01,4.03,4.05,158686622,643613548,27200
2019/12/04,2019/12/04 14:00,4.05,4.02,4.04,4.02,123509680,500840306,19096
2019/12/04,2019/12/04 15:00,4.05,4.01,4.02,4.05,167010935,675913437,25398
2019/12/05,2019/12/05 10:30,4.04,3.97,4.03,4.02,319519729,1286297333,43071
2019/12/05,2019/12/05 11:30,4.03,3.98,4.00,4.03,107868400,433618727,14181
2019/12/05,2019/12/05 14:00,4.06,4.00,4.04,4.00,170513291,691413747,23931
2019/12/05,2019/12/05 15:00,4.05,4.00,4.02,4.03,153669193,621876693,22758
2019/12/06,2019/12/06 10:30,4.10,4.01,4.08,4.02,358202796,1464924076,45434
2019/12/06,2019/12/06 11:30,4.07,4.02,4.04,4.07,145460540,590660575,18632
2019/12/06,2019/12/06 14:00,4.06,4.03,4.05,4.04,68136189,277210544,11329
2019/12/06,2019/12/06 15:00,4.06,4.04,4.05,4.05,117464910,478175364,17788
2019/12/10,2019/12/10 10:30,4.09,4.02,4.07,4.07,334935661,1364944409,41559
2019/12/10,2019/12/10 11:30,4.08,4.04,4.05,4.07,112553161,458375590,15884
2019/12/10,2019/12/10 14:00,4.08,4.04,4.08,4.05,113328793,462900556,18710
2019/12/10,2019/12/10 15:00,4.11,4.07,4.11,4.07,189486802,779449663,29631
2019/12/11,2019/12/11 10:30,4.10,4.00,4.04,4.10,338837393,1375534951,51803
2019/12/11,2019/12/11 11:30,4.04,3.98,4.02,4.03,187209268,752756610,31337
2019/12/11,2019/12/11 14:00,4.02,3.99,4.01,4.02,77834630,313164797,17985
2019/12/11,2019/12/11 15:00,4.01,3.96,3.98,4.01,209674813,838921415,43622
2019/12/12,2019/12/12 10:30,4.04,3.97,4.02,3.99,230703895,928763806,29279
2019/12/12,2019/12/12 11:30,4.04,4.01,4.03,4.03,95049587,385016064,15390
2019/12/12,2019/12/12 14:00,4.04,3.99,4.01,4.03,116113317,468879796,16174
2019/12/12,2019/12/12 15:00,4.02,3.98,3.99,4.00,100773392,404736761,18198
2019/12/13,2019/12/13 10:30,4.07,4.01,4.03,4.05,230609132,936626716,27421
2019/12/13,2019/12/13 11:30,4.07,4.02,4.06,4.03,154088104,627161101,21233
2019/12/13,2019/12/13 14:00,4.07,4.05,4.06,4.05,107773945,440037568,17961
2019/12/13,2019/12/13 15:00,4.11,4.05,4.09,4.06,322817578,1326356807,50022
2019/12/16,2019/12/16 10:30,4.35,4.19,4.32,4.19,904643663,3889882439,131438
2019/12/16,2019/12/16 11:30,4.42,4.29,4.39,4.32,455618027,1991798545,78819
2019/12/16,2019/12/16 14:00,4.42,4.34,4.35,4.40,210774625,926744752,43890
2019/12/16,2019/12/16 15:00,4.38,4.33,4.37,4.34,208227178,912141209,42298
2019/12/17,2019/12/17 10:30,4.59,4.33,4.57,4.36,894192988,4013827002,139344
2019/12/17,2019/12/17 11:30,4.59,4.52,4.55,4.57,275342900,1259902990,46048
2019/12/17,2019/12/17 14:00,4.81,4.55,4.75,4.55,905050631,4297040999,158747
2019/12/17,2019/12/17 15:00,4.81,4.70,4.73,4.74,394517513,1885259384,82372
2019/12/18,2019/12/18 10:30,4.75,4.63,4.65,4.73,625215743,2932186433,119144
2019/12/18,2019/12/18 11:30,4.65,4.60,4.64,4.64,251908411,1169466558,52169
2019/12/18,2019/12/18 14:00,4.70,4.62,4.67,4.64,205633247,964144501,37907
2019/12/18,2019/12/18 15:00,4.67,4.62,4.64,4.67,247200189,1152978433,40715
2019/12/19,2019/12/19 10:30,4.77,4.60,4.65,4.67,564864377,2654040064,83642
2019/12/19,2019/12/19 11:30,4.79,4.63,4.74,4.65,412601420,1960906587,64171
2019/12/19,2019/12/19 14:00,4.74,4.67,4.68,4.73,126973093,598660148,24743
2019/12/19,2019/12/19 15:00,4.72,4.66,4.67,4.69,178885052,841751508,33886
2019/12/20,2019/12/20 10:30,4.81,4.68,4.71,4.69,444430308,2115897965,74136
2019/12/20,2019/12/20 11:30,4.78,4.70,4.75,4.71,149871018,714860119,30237
2019/12/20,2019/12/20 14:00,4.75,4.69,4.71,4.75,115165508,545249618,23604
2019/12/20,2019/12/20 15:00,4.71,4.64,4.66,4.71,232468975,1091349436,43823
2019/12/23,2019/12/23 10:30,4.79,4.66,4.71,4.74,533243538,2534728146,75510
2019/12/23,2019/12/23 11:30,4.71,4.65,4.68,4.70,147855784,694404952,31590
2019/12/23,2019/12/23 14:00,4.69,4.64,4.65,4.69,91832057,430078208,21855
2019/12/23,2019/12/23 15:00,4.66,4.52,4.54,4.65,413578343,1901271931,70928
2019/12/24,2019/12/24 10:30,4.61,4.46,4.54,4.58,386942731,1758402862,68204
2019/12/24,2019/12/24 11:30,4.57,4.51,4.55,4.53,102765185,468440445,18775
2019/12/24,2019/12/24 14:00,4.63,4.54,4.60,4.55,155130447,715121964,29134
2019/12/24,2019/12/24 15:00,4.70,4.60,4.68,4.60,313416392,1468769862,49294
2019/12/25,2019/12/25 10:30,4.76,4.63,4.70,4.65,372774631,1756649653,55593
2019/12/25,2019/12/25 11:30,4.73,4.68,4.69,4.71,94484509,446504202,24030
2019/12/25,2019/12/25 14:00,4.70,4.66,4.67,4.69,128446158,604147089,26450
2019/12/25,2019/12/25 15:00,4.72,4.63,4.72,4.67,198962110,932927050,35706
2019/12/26,2019/12/26 10:30,4.87,4.71,4.85,4.76,649201231,3128098007,100235
2019/12/26,2019/12/26 11:30,4.87,4.74,4.75,4.85,249352933,1200858926,39208
2019/12/26,2019/12/26 14:00,4.78,4.74,4.76,4.75,107893912,515946573,18880
2019/12/26,2019/12/26 15:00,4.81,4.75,4.81,4.76,171670056,825257825,30864
2019/12/27,2019/12/27 10:30,4.83,4.69,4.72,4.83,429091895,2043133457,75496
2019/12/27,2019/12/27 11:30,4.75,4.69,4.72,4.73,150641465,714019764,26869
2019/12/27,2019/12/27 14:00,4.73,4.64,4.68,4.73,327858319,1537812135,60953
2019/12/27,2019/12/27 15:00,4.68,4.59,4.62,4.68,266814226,1240838578,57794
2019/12/30,2019/12/30 10:30,4.57,4.40,4.48,4.54,512542276,2303663683,84570
2019/12/30,2019/12/30 11:30,4.57,4.44,4.55,4.49,172978176,782246144,30778
2019/12/30,2019/12/30 14:00,4.57,4.51,4.54,4.55,132937905,606746672,25712
2019/12/30,2019/12/30 15:00,4.54,4.50,4.54,4.54,148436202,674126330,34201
2019/12/31,2019/12/31 10:30,4.60,4.50,4.54,4.54,303935408,1388471511,51238
2019/12/31,2019/12/31 11:30,4.54,4.51,4.52,4.54,81866830,371723431,17398
2019/12/31,2019/12/31 14:00,4.53,4.48,4.52,4.52,113645472,513905323,25782
2019/12/31,2019/12/31 15:00,4.53,4.50,4.52,4.51,125515621,569537022,21196
2020/1/02,2020/01/02 10:30,4.63,4.53,4.60,4.55,339960441,1563488923,56093
2020/1/02,2020/01/02 11:30,4.65,4.59,4.61,4.60,203197230,942502830,30880
2020/1/02,2020/01/02 14:00,4.65,4.60,4.60,4.60,114335026,530622925,20201
2020/1/02,2020/01/02 15:00,4.62,4.57,4.59,4.60,152826869,704104203,30332
2020/1/03,2020/01/03 10:30,4.70,4.57,4.67,4.60,427949811,2000090760,64487
2020/1/03,2020/01/03 11:30,4.67,4.62,4.62,4.66,116145842,541624544,20483
2020/1/03,2020/01/03 14:00,4.74,4.61,4.72,4.62,269660267,1270768768,44768
2020/1/03,2020/01/03 15:00,4.74,4.68,4.71,4.71,180784643,854687945,33639
2020/1/06,2020/01/06 10:30,4.71,4.61,4.69,4.65,291672554,1368241691,44841
2020/1/06,2020/01/06 11:30,4.78,4.68,4.78,4.68,276090545,1314020871,38825
2020/1/06,2020/01/06 14:00,4.78,4.68,4.71,4.78,166499786,790525898,30341
2020/1/06,2020/01/06 15:00,4.71,4.64,4.69,4.71,213015617,998539536,37626
2020/1/07,2020/01/07 10:30,4.75,4.68,4.69,4.71,230934544,1094156428,35586
2020/1/07,2020/01/07 11:30,4.69,4.63,4.68,4.69,150185870,702544646,27273
2020/1/07,2020/01/07 14:00,4.68,4.64,4.65,4.67,106472413,497507441,21292
2020/1/07,2020/01/07 15:00,4.68,4.65,4.66,4.66,166171886,778220201,26679
2020/1/08,2020/01/08 10:30,4.92,4.77,4.89,4.80,1156734669,5629996907,172701
2020/1/08,2020/01/08 11:30,5.11,4.89,5.06,4.89,557116795,2793411916,126033
2020/1/08,2020/01/08 14:00,5.06,4.91,4.93,5.06,266236030,1328030229,57991
2020/1/08,2020/01/08 15:00,4.97,4.92,4.94,4.93,202661829,1006331372,48056
2020/1/09,2020/01/09 10:30,5.10,4.95,5.00,5.04,635275637,3200610366,95408
2020/1/09,2020/01/09 11:30,5.01,4.93,4.93,5.01,154113370,768839279,30788
2020/1/09,2020/01/09 14:00,4.97,4.91,4.92,4.93,130583767,647370216,32370
2020/1/09,2020/01/09 15:00,4.99,4.92,4.98,4.92,176435709,878610113,35695
2020/1/10,2020/01/10 10:30,5.03,4.86,4.88,5.01,378646477,1869832715,70132
2020/1/10,2020/01/10 11:30,4.92,4.87,4.91,4.87,82585447,405987874,17538
2020/1/10,2020/01/10 14:00,4.92,4.87,4.91,4.91,107356145,527271391,19786
2020/1/10,2020/01/10 15:00,4.94,4.88,4.93,4.91,134505768,664673376,25816
2020/1/13,2020/01/13 10:30,4.93,4.80,4.86,4.92,326328625,1589321110,59372
2020/1/13,2020/01/13 11:30,4.91,4.83,4.90,4.85,117810869,576238589,20549
2020/1/13,2020/01/13 14:00,4.91,4.86,4.89,4.90,151099448,740963810,23537
2020/1/13,2020/01/13 15:00,4.92,4.85,4.92,4.88,191241667,938973701,29015
2020/1/14,2020/01/14 10:30,4.99,4.87,4.95,4.90,365153001,1804602927,58685
2020/1/14,2020/01/14 11:30,5.00,4.93,4.94,4.95,198861672,993011089,34023
2020/1/14,2020/01/14 14:00,4.96,4.92,4.95,4.95,88778583,440286350,16858
2020/1/14,2020/01/14 15:00,4.95,4.92,4.94,4.95,120372934,597015048,20701
2020/1/15,2020/01/15 10:30,4.91,4.81,4.82,4.91,369265773,1795433406,69918
2020/1/15,2020/01/15 11:30,4.84,4.81,4.83,4.81,87433111,423584061,18359
2020/1/15,2020/01/15 14:00,4.85,4.80,4.83,4.82,107151692,518474646,21106
2020/1/15,2020/01/15 15:00,4.87,4.82,4.86,4.83,151751633,738584714,24759
2020/1/16,2020/01/16 10:30,4.91,4.82,4.87,4.88,214161802,1047616307,34310
2020/1/16,2020/01/16 11:30,4.86,4.82,4.84,4.86,87947716,427421676,17093
2020/1/16,2020/01/16 14:00,4.89,4.83,4.85,4.85,84677315,413359144,15206
2020/1/16,2020/01/16 15:00,4.87,4.83,4.87,4.85,100563110,489652655,18189
2020/1/17,2020/01/17 10:30,4.89,4.83,4.84,4.88,158045735,769563892,24639
2020/1/17,2020/01/17 11:30,4.89,4.84,4.84,4.84,94136569,459669950,14081
2020/1/17,2020/01/17 14:00,4.85,4.79,4.80,4.85,136256814,658475121,27825
2020/1/17,2020/01/17 15:00,4.86,4.80,4.81,4.80,103311664,500792385,19169
2020/1/20,2020/01/20 10:30,4.89,4.77,4.86,4.79,249785049,1217374349,36227
2020/1/20,2020/01/20 11:30,4.90,4.84,4.89,4.87,117994506,576855533,18533
2020/1/20,2020/01/20 14:00,4.92,4.86,4.89,4.89,184446196,905678252,28264
2020/1/20,2020/01/20 15:00,4.98,4.89,4.96,4.89,337415900,1674263286,57055
2020/1/21,2020/01/21 10:30,5.01,4.92,4.94,4.98,349507393,1745648477,52492
2020/1/21,2020/01/21 11:30,4.97,4.91,4.97,4.94,116776206,579014812,19820
2020/1/21,2020/01/21 14:00,4.98,4.93,4.95,4.96,124939930,621931547,15100
2020/1/21,2020/01/21 15:00,5.01,4.94,4.95,4.95,211933877,1059010555,34783
2020/1/22,2020/01/22 10:30,4.96,4.73,4.81,4.95,433190605,2093674256,68570
2020/1/22,2020/01/22 11:30,4.89,4.80,4.88,4.80,104896519,510212045,19582
2020/1/22,2020/01/22 14:00,4.90,4.86,4.89,4.89,134335638,659134997,22248
2020/1/22,2020/01/22 15:00,4.94,4.86,4.90,4.89,217149714,1067679683,30959
2020/1/23,2020/01/23 10:30,4.94,4.75,4.90,4.79,291297422,1425319216,45928
2020/1/23,2020/01/23 11:30,4.91,4.82,4.84,4.91,125286340,610714591,25584
2020/1/23,2020/01/23 14:00,4.83,4.62,4.65,4.83,350122943,1662055155,70979
2020/1/23,2020/01/23 15:00,4.71,4.59,4.70,4.66,301512811,1410183071,60600
2020/2/03,2020/02/03 10:30,4.23,4.23,4.23,4.23,120692900,512944825,26364
2020/2/03,2020/02/03 11:30,4.23,4.23,4.23,4.23,17708300,75260275,4540
2020/2/03,2020/02/03 14:00,4.23,4.23,4.23,4.23,8785600,37338800,3808
2020/2/03,2020/02/03 15:00,4.23,4.23,4.23,4.23,7222100,30693925,3160
2020/2/04,2020/02/04 10:30,4.38,4.01,4.35,4.01,749517424,3186305403,117413
2020/2/04,2020/02/04 11:30,4.37,4.22,4.27,4.36,233568534,1005865882,52078
2020/2/04,2020/02/04 14:00,4.36,4.26,4.34,4.26,209044339,907912424,42197
2020/2/04,2020/02/04 15:00,4.43,4.33,4.39,4.34,297015397,1306033467,53061
2020/2/05,2020/02/05 10:30,4.52,4.35,4.49,4.37,436963444,1961278610,68504
2020/2/05,2020/02/05 11:30,4.54,4.44,4.47,4.50,197870342,891846349,39204
2020/2/05,2020/02/05 14:00,4.48,4.36,4.37,4.47,221830273,983054110,51506
2020/2/05,2020/02/05 15:00,4.41,4.35,4.40,4.37,210748708,927361175,43661
2020/2/06,2020/02/06 10:30,4.55,4.31,4.53,4.38,523963695,2344830654,84501
2020/2/06,2020/02/06 11:30,4.67,4.51,4.62,4.52,376948357,1737552235,68703
2020/2/06,2020/02/06 14:00,4.68,4.62,4.65,4.63,230646036,1078088401,45094
2020/2/06,2020/02/06 15:00,4.67,4.58,4.65,4.65,218231681,1014255630,44633
2020/2/07,2020/02/07 10:30,4.68,4.55,4.63,4.63,351010599,1629927075,61798
2020/2/07,2020/02/07 11:30,4.67,4.58,4.61,4.63,184102583,855346763,31626
2020/2/07,2020/02/07 14:00,4.65,4.57,4.63,4.60,146951137,679109190,27399
2020/2/07,2020/02/07 15:00,4.66,4.61,4.64,4.62,148273759,690663597,28640
2020/2/10,2020/02/10 10:30,4.79,4.56,4.75,4.58,439056923,2061675350,69940
2020/2/10,2020/02/10 11:30,4.83,4.70,4.70,4.75,196450006,940528237,40374
2020/2/10,2020/02/10 14:00,4.76,4.68,4.73,4.70,109618686,520252588,19250
2020/2/10,2020/02/10 15:00,4.75,4.71,4.73,4.73,118672158,563399217,25066
2020/2/11,2020/02/11 10:30,4.79,4.69,4.73,4.71,277091632,1320799224,49353
2020/2/11,2020/02/11 11:30,4.74,4.67,4.72,4.73,140201891,662320092,31231
2020/2/11,2020/02/11 14:00,4.78,4.69,4.75,4.71,147155632,700348574,26339
2020/2/11,2020/02/11 15:00,4.78,4.72,4.73,4.76,121756773,579960921,27617
2020/2/12,2020/02/12 10:30,4.72,4.65,4.66,4.69,252266378,1186115026,47518
2020/2/12,2020/02/12 11:30,4.68,4.64,4.67,4.66,122986784,574948486,26319
2020/2/12,2020/02/12 14:00,4.73,4.67,4.70,4.67,144358708,682096611,25000
2020/2/12,2020/02/12 15:00,4.75,4.69,4.74,4.69,186553523,884953266,33964
2020/2/13,2020/02/13 10:30,4.78,4.65,4.67,4.72,272816547,1289247206,45809
2020/2/13,2020/02/13 11:30,4.76,4.66,4.68,4.67,158702450,751424696,24222
2020/2/13,2020/02/13 14:00,4.71,4.65,4.70,4.68,170498217,800130875,32609
2020/2/13,2020/02/13 15:00,4.74,4.68,4.70,4.70,174988468,828080333,30174
2020/2/14,2020/02/14 10:30,4.70,4.62,4.64,4.68,255661106,1194546309,54029
2020/2/14,2020/02/14 11:30,4.74,4.64,4.70,4.64,255393121,1205280658,48026
2020/2/14,2020/02/14 14:00,4.71,4.66,4.67,4.71,82173340,386488107,28477
2020/2/14,2020/02/14 15:00,4.68,4.63,4.66,4.67,125461163,586359577,33470
2020/2/17,2020/02/17 10:30,4.71,4.65,4.68,4.66,216380940,1017639583,33523
2020/2/17,2020/02/17 11:30,4.78,4.68,4.78,4.68,376152569,1790686961,50892
2020/2/17,2020/02/17 14:00,4.85,4.78,4.81,4.78,336094497,1624241692,63122
2020/2/17,2020/02/17 15:00,4.92,4.81,4.89,4.81,380318322,1864802752,72850
2020/2/18,2020/02/18 10:30,5.01,4.87,4.96,4.90,587386190,2923400697,86983
2020/2/18,2020/02/18 11:30,4.96,4.86,4.93,4.95,266252046,1311895829,46398
2020/2/18,2020/02/18 14:00,5.09,4.91,5.07,4.92,477910812,2400095856,73557
2020/2/18,2020/02/18 15:00,5.08,5.01,5.04,5.07,247143790,1251924593,50386
2020/2/19,2020/02/19 10:30,5.11,5.00,5.03,5.07,456328843,2312866954,80664
2020/2/19,2020/02/19 11:30,5.03,4.96,5.01,5.03,205814878,1032521676,41638
2020/2/19,2020/02/19 14:00,5.05,4.98,4.99,5.02,149261782,750119722,29309
2020/2/19,2020/02/19 15:00,4.99,4.94,4.94,4.98,242933419,1210294983,52190
2020/2/20,2020/02/20 10:30,5.07,4.94,4.96,4.99,423998849,2130428226,65194
2020/2/20,2020/02/20 11:30,5.11,4.94,5.10,4.97,429982312,2175643257,64059
2020/2/20,2020/02/20 14:00,5.38,5.10,5.35,5.10,769787185,4043178647,154949
2020/2/20,2020/02/20 15:00,5.38,5.28,5.32,5.35,393447858,2107789072,93620
2020/2/21,2020/02/21 10:30,5.63,5.34,5.36,5.43,1102287893,6061319137,233383
2020/2/21,2020/02/21 11:30,5.46,5.35,5.44,5.37,226812596,1232444127,58137
2020/2/21,2020/02/21 14:00,5.46,5.33,5.36,5.45,303002846,1637838121,85974
2020/2/21,2020/02/21 15:00,5.39,5.32,5.33,5.37,286221356,1537108091,77259
2020/2/24,2020/02/24 10:30,5.57,5.40,5.47,5.47,846824056,4671753006,166458
2020/2/24,2020/02/24 11:30,5.59,5.46,5.58,5.46,281689705,1559774949,64281
2020/2/24,2020/02/24 14:00,5.75,5.58,5.71,5.58,524481400,2989539141,115301
2020/2/24,2020/02/24 15:00,5.74,5.65,5.73,5.72,307354159,1756932214,78330
2020/2/25,2020/02/25 10:30,5.82,5.54,5.71,5.58,862454915,4921467015,193140
2020/2/25,2020/02/25 11:30,5.75,5.42,5.60,5.71,538833274,3014998291,138773
2020/2/25,2020/02/25 14:00,5.73,5.60,5.73,5.60,229366310,1307818453,56077
2020/2/25,2020/02/25 15:00,5.83,5.68,5.81,5.73,409606990,2369554954,100607
2020/2/26,2020/02/26 10:30,5.70,5.46,5.54,5.66,772350635,4342014616,195571
2020/2/26,2020/02/26 11:30,5.56,5.42,5.54,5.54,365837338,2013728305,95698
2020/2/26,2020/02/26 14:00,5.57,5.42,5.44,5.55,257090229,1414775047,76026
2020/2/26,2020/02/26 15:00,5.46,5.25,5.35,5.45,626899721,3365701724,167737
2020/2/27,2020/02/27 10:30,5.45,5.23,5.28,5.37,502409237,2693681619,112336
2020/2/27,2020/02/27 11:30,5.40,5.27,5.38,5.28,195913728,1047043454,39323
2020/2/27,2020/02/27 14:00,5.39,5.30,5.31,5.39,174045967,934275187,35717
2020/2/27,2020/02/27 15:00,5.33,5.27,5.27,5.31,187644671,995584184,50352
2020/2/28,2020/02/28 10:30,5.05,4.85,4.87,4.98,968194082,4830586280,194409
2020/2/28,2020/02/28 11:30,4.94,4.85,4.86,4.87,262842848,1290980683,67112
2020/2/28,2020/02/28 14:00,4.99,4.83,4.98,4.86,269397174,1327584012,60996
2020/2/28,2020/02/28 15:00,5.07,4.87,4.88,4.98,369208869,1836936491,84159
2020/3/02,2020/03/02 10:30,5.05,4.92,4.98,4.98,603329060,3017455696,109016
2020/3/02,2020/03/02 11:30,5.10,4.97,5.06,4.97,317449030,1607963266,64832
2020/3/02,2020/03/02 14:00,5.12,5.04,5.12,5.07,300668678,1531861728,53886
2020/3/02,2020/03/02 15:00,5.15,5.06,5.06,5.12,352643538,1809126919,71030
2020/3/03,2020/03/03 10:30,5.29,5.12,5.25,5.17,662854956,3472832132,121617
2020/3/03,2020/03/03 11:30,5.25,5.13,5.14,5.24,291151294,1515525822,65722
2020/3/03,2020/03/03 14:00,5.14,5.04,5.06,5.14,274618580,1401664976,70175
2020/3/03,2020/03/03 15:00,5.09,5.00,5.07,5.06,242833906,1230906881,60846
2020/3/04,2020/03/04 10:30,5.04,4.94,4.97,4.98,390136731,1949274164,88180
2020/3/04,2020/03/04 11:30,4.98,4.92,4.93,4.97,182592890,907077491,50021
2020/3/04,2020/03/04 14:00,4.93,4.83,4.88,4.92,352607604,1725719640,97941
2020/3/04,2020/03/04 15:00,5.00,4.85,5.00,4.88,210428164,1043919335,52909
2020/3/05,2020/03/05 10:30,5.17,5.02,5.06,5.13,435978384,2228148396,99398
2020/3/05,2020/03/05 11:30,5.08,5.02,5.04,5.06,120666664,611795957,32005
2020/3/05,2020/03/05 14:00,5.10,5.02,5.06,5.05,189003618,961526847,43589
2020/3/05,2020/03/05 15:00,5.10,5.05,5.08,5.06,180174248,917997404,48518
2020/3/06,2020/03/06 10:30,5.06,4.96,5.04,5.00,250714223,1263670859,59041
2020/3/06,2020/03/06 11:30,5.24,5.03,5.22,5.04,426217020,2196954108,86069
2020/3/06,2020/03/06 14:00,5.26,5.15,5.18,5.23,304772341,1593962656,75548
2020/3/06,2020/03/06 15:00,5.20,5.10,5.14,5.19,205710326,1062321704,57573
2020/3/09,2020/03/09 10:30,5.03,4.93,4.99,4.98,486282111,2432303237,111777
2020/3/09,2020/03/09 11:30,4.99,4.93,4.94,4.98,226457829,1125373672,66332
2020/3/09,2020/03/09 14:00,4.95,4.85,4.92,4.95,285304966,1402035073,86690
2020/3/09,2020/03/09 15:00,4.94,4.86,4.88,4.92,234605090,1151354159,69220
2020/3/10,2020/03/10 10:30,4.95,4.79,4.82,4.79,409873248,1995961045,92761
2020/3/10,2020/03/10 11:30,4.90,4.75,4.90,4.82,248533107,1199127995,63345
2020/3/10,2020/03/10 14:00,5.00,4.90,4.96,4.90,353502039,1760578633,71530
2020/3/10,2020/03/10 15:00,5.01,4.95,5.01,4.96,229558437,1147904441,52082
2020/3/11,2020/03/11 10:30,5.03,4.93,4.95,5.02,341066600,1702625288,74645
2020/3/11,2020/03/11 11:30,4.96,4.90,4.95,4.94,176161783,872443983,37384
2020/3/11,2020/03/11 14:00,4.95,4.86,4.87,4.94,219681476,1079294019,58724
2020/3/11,2020/03/11 15:00,4.89,4.85,4.86,4.87,234058914,1142916928,65340
2020/3/12,2020/03/12 10:30,4.76,4.65,4.68,4.72,509619060,2407158425,133000
2020/3/12,2020/03/12 11:30,4.72,4.66,4.67,4.68,178060706,837177697,49144
2020/3/12,2020/03/12 14:00,4.69,4.56,4.60,4.67,332114965,1537292334,97209
2020/3/12,2020/03/12 15:00,4.62,4.51,4.59,4.59,326281369,1496925069,91305
2020/3/13,2020/03/13 10:30,4.46,4.21,4.43,4.28,656156427,2834983454,156160
2020/3/13,2020/03/13 11:30,4.47,4.34,4.35,4.43,180194380,797671918,46144
2020/3/13,2020/03/13 14:00,4.58,4.39,4.45,4.39,306915220,1388925080,64101
2020/3/13,2020/03/13 15:00,4.48,4.42,4.47,4.44,168394597,754079003,44298
2020/3/16,2020/03/16 10:30,4.48,4.33,4.34,4.48,481995277,2126899637,116846
2020/3/16,2020/03/16 11:30,4.38,4.32,4.33,4.34,127125426,555397203,34878
2020/3/16,2020/03/16 14:00,4.34,4.17,4.18,4.34,356539282,1522124034,102269
2020/3/16,2020/03/16 15:00,4.19,4.10,4.13,4.19,374246945,1558957809,110595
2020/3/17,2020/03/17 10:30,4.25,4.04,4.16,4.17,597881833,2495593267,114009
2020/3/17,2020/03/17 11:30,4.27,4.14,4.27,4.16,267476138,1131612902,57301
2020/3/17,2020/03/17 14:00,4.28,4.16,4.17,4.27,162586242,688072386,40686
2020/3/17,2020/03/17 15:00,4.23,4.15,4.23,4.17,135192982,570439881,34602
2020/3/18,2020/03/18 10:30,4.29,4.22,4.24,4.25,351170806,1501335643,71733
2020/3/18,2020/03/18 11:30,4.33,4.24,4.31,4.24,176135332,758558427,35606
2020/3/18,2020/03/18 14:00,4.31,4.17,4.21,4.31,195823949,832723095,49426
2020/3/18,2020/03/18 15:00,4.21,4.09,4.11,4.21,241879540,1006405331,66108
2020/3/19,2020/03/19 10:30,4.16,4.08,4.09,4.11,334249909,1382320245,61751
2020/3/19,2020/03/19 11:30,4.12,3.99,4.04,4.09,305890666,1245060311,66417
2020/3/19,2020/03/19 14:00,4.13,4.01,4.10,4.04,228822067,936468245,45793
2020/3/19,2020/03/19 15:00,4.21,4.09,4.16,4.10,252148506,1053396144,57121
2020/3/20,2020/03/20 10:30,4.22,4.11,4.11,4.21,309738150,1291872438,65888
2020/3/20,2020/03/20 11:30,4.12,4.07,4.10,4.12,138667548,570808685,38404
2020/3/20,2020/03/20 14:00,4.12,4.08,4.09,4.10,111252616,458115580,22340
2020/3/20,2020/03/20 15:00,4.18,4.09,4.18,4.10,318925587,1331657158,46730
2020/3/23,2020/03/23 10:30,4.05,3.96,3.98,3.99,449465703,1806811102,117442
2020/3/23,2020/03/23 11:30,4.01,3.97,4.01,3.98,144989246,581093654,32676
2020/3/23,2020/03/23 14:00,4.02,3.89,3.90,4.01,255851830,1015962879,71756
2020/3/23,2020/03/23 15:00,3.93,3.85,3.92,3.91,337360270,1317982068,92522
2020/3/24,2020/03/24 10:30,4.01,3.91,3.92,4.00,323222781,1282970493,66852
2020/3/24,2020/03/24 11:30,3.92,3.87,3.89,3.91,153094825,598899680,36345
2020/3/24,2020/03/24 14:00,3.90,3.79,3.86,3.88,228705199,882158408,59171
2020/3/24,2020/03/24 15:00,3.95,3.85,3.93,3.85,220005636,866824155,46350
2020/3/25,2020/03/25 10:30,4.06,3.97,4.04,4.01,503024478,2034866696,103202
2020/3/25,2020/03/25 11:30,4.04,4.00,4.00,4.03,120781328,487746164,26400
2020/3/25,2020/03/25 14:00,4.03,3.98,4.02,4.01,135786434,547028087,28222
2020/3/25,2020/03/25 15:00,4.04,4.01,4.03,4.03,185231029,750028383,42296
2020/3/26,2020/03/26 10:30,4.01,3.93,3.98,4.00,276435978,1101315277,61824
2020/3/26,2020/03/26 11:30,4.00,3.95,3.95,3.98,95008901,379353159,21827
2020/3/26,2020/03/26 14:00,3.98,3.93,3.94,3.95,145998851,579366020,33338
2020/3/26,2020/03/26 15:00,3.95,3.92,3.93,3.93,142583620,563479497,38447
2020/3/27,2020/03/27 10:30,4.01,3.93,3.94,3.99,193603088,771531647,39902
2020/3/27,2020/03/27 11:30,4.00,3.93,4.00,3.94,121072231,483050149,24230
2020/3/27,2020/03/27 14:00,4.01,3.96,3.98,4.01,100412183,402019116,22691
2020/3/27,2020/03/27 15:00,3.98,3.93,3.93,3.97,118409717,469964359,31549
2020/3/30,2020/03/30 10:30,3.81,3.70,3.74,3.80,430515597,1619081347,103842
2020/3/30,2020/03/30 11:30,3.74,3.66,3.70,3.74,240619877,892814088,63263
2020/3/30,2020/03/30 14:00,3.79,3.70,3.76,3.70,129892223,489567126,31715
2020/3/30,2020/03/30 15:00,3.77,3.71,3.74,3.77,167280282,627499433,36609
2020/3/31,2020/03/31 10:30,3.79,3.70,3.74,3.78,250305828,944175584,51039
2020/3/31,2020/03/31 11:30,3.75,3.71,3.73,3.74,72162623,270640743,17278
2020/3/31,2020/03/31 14:00,3.75,3.70,3.71,3.72,121303932,453558813,23011
2020/3/31,2020/03/31 15:00,3.72,3.68,3.69,3.71,170845607,635048577,38476
2020/4/01,2020/04/01 10:30,3.82,3.66,3.78,3.68,451466989,1708367707,83043
2020/4/01,2020/04/01 11:30,3.88,3.77,3.85,3.79,324387301,1250306689,66610
2020/4/01,2020/04/01 14:00,3.85,3.77,3.78,3.84,134365115,513982123,35215
2020/4/01,2020/04/01 15:00,3.78,3.76,3.78,3.77,122409507,464093852,32550
2020/4/02,2020/04/02 10:30,3.82,3.72,3.78,3.74,258682208,981450832,42447
2020/4/02,2020/04/02 11:30,3.82,3.77,3.80,3.78,126085006,481390078,19991
2020/4/02,2020/04/02 14:00,3.81,3.77,3.81,3.81,113538813,433006630,20745
2020/4/02,2020/04/02 15:00,3.88,3.81,3.88,3.81,315888572,1223989343,70281
2020/4/03,2020/04/03 10:30,3.87,3.80,3.81,3.86,256003033,985642993,50641
2020/4/03,2020/04/03 11:30,3.83,3.80,3.81,3.81,95802932,367592997,17579
2020/4/03,2020/04/03 14:00,3.81,3.79,3.80,3.81,78421286,299445159,20398
2020/4/03,2020/04/03 15:00,3.82,3.78,3.80,3.80,117605732,449252273,27212
2020/4/07,2020/04/07 10:30,3.93,3.86,3.92,3.90,374902809,1468767312,69807
2020/4/07,2020/04/07 11:30,3.94,3.90,3.90,3.93,131654194,518769603,27772
2020/4/07,2020/04/07 14:00,3.92,3.90,3.92,3.91,86480172,340018786,21447
2020/4/07,2020/04/07 15:00,3.93,3.91,3.92,3.92,143229031,564121469,34409
2020/4/08,2020/04/08 10:30,3.93,3.88,3.91,3.88,194101851,762708863,39682
2020/4/08,2020/04/08 11:30,3.92,3.89,3.91,3.91,82219119,322771161,15908
2020/4/08,2020/04/08 14:00,3.95,3.91,3.93,3.91,117546426,463992615,24661
2020/4/08,2020/04/08 15:00,3.94,3.89,3.92,3.93,127185533,499996163,24951
2020/4/09,2020/04/09 10:30,3.95,3.91,3.93,3.94,140443260,554709061,30079
2020/4/09,2020/04/09 11:30,3.93,3.90,3.91,3.93,85375900,335597201,19365
2020/4/09,2020/04/09 14:00,3.92,3.90,3.92,3.91,57031539,224158986,14535
2020/4/09,2020/04/09 15:00,3.92,3.90,3.90,3.92,85385011,335477078,21395
2020/4/10,2020/04/10 10:30,3.90,3.82,3.83,3.89,202206566,781523929,49152
2020/4/10,2020/04/10 11:30,3.85,3.79,3.80,3.84,116974598,448508495,29712
2020/4/10,2020/04/10 14:00,3.80,3.77,3.79,3.80,120791582,459590893,34446
2020/4/10,2020/04/10 15:00,3.80,3.77,3.78,3.78,111907399,425686651,28231
2020/4/13,2020/04/13 10:30,3.76,3.71,3.74,3.75,118564546,445053932,30034
2020/4/13,2020/04/13 11:30,3.75,3.73,3.74,3.74,47332047,177841616,14022
2020/4/13,2020/04/13 14:00,3.74,3.71,3.72,3.73,70230664,262772616,20847
2020/4/13,2020/04/13 15:00,3.73,3.71,3.72,3.72,60972578,228042756,19928
2020/4/14,2020/04/14 10:30,3.77,3.73,3.76,3.74,115974517,437564211,24681
2020/4/14,2020/04/14 11:30,3.78,3.75,3.76,3.76,56015518,212236120,13009
2020/4/14,2020/04/14 14:00,3.78,3.75,3.77,3.77,61041791,231231809,14387
2020/4/14,2020/04/14 15:00,3.82,3.77,3.82,3.77,145033717,553315385,30815
2020/4/15,2020/04/15 10:30,3.87,3.79,3.86,3.82,190225472,732295143,34673
2020/4/15,2020/04/15 11:30,3.87,3.82,3.86,3.85,106728359,412887746,19648
2020/4/15,2020/04/15 14:00,3.87,3.82,3.83,3.86,94328992,364635249,21847
2020/4/15,2020/04/15 15:00,3.84,3.80,3.82,3.83,97576740,374318471,22883
2020/4/16,2020/04/16 10:30,3.80,3.74,3.80,3.78,151677224,574636788,30616
2020/4/16,2020/04/16 11:30,3.83,3.77,3.77,3.79,70044899,267542019,13286
2020/4/16,2020/04/16 14:00,3.80,3.77,3.79,3.78,45736023,174044552,9602
2020/4/16,2020/04/16 15:00,3.80,3.78,3.79,3.80,106765457,406433665,20647
2020/4/17,2020/04/17 10:30,3.94,3.83,3.90,3.83,461154664,1807134638,94266
2020/4/17,2020/04/17 11:30,3.91,3.87,3.89,3.90,90857072,355340940,21678
2020/4/17,2020/04/17 14:00,3.90,3.88,3.90,3.89,95572433,373901432,20747
2020/4/17,2020/04/17 15:00,3.90,3.86,3.87,3.89,142094337,553285900,32492
2020/4/20,2020/04/20 10:30,3.86,3.76,3.79,3.86,353411281,1350841551,64128
2020/4/20,2020/04/20 11:30,3.82,3.79,3.81,3.80,54834484,209686536,11906
2020/4/20,2020/04/20 14:00,3.82,3.79,3.81,3.82,70990818,271703995,16965
2020/4/20,2020/04/20 15:00,3.84,3.81,3.83,3.82,97481784,374848055,21339
2020/4/21,2020/04/21 10:30,3.80,3.76,3.76,3.80,156229653,593067726,38834
2020/4/21,2020/04/21 11:30,3.78,3.74,3.74,3.76,109922865,415551276,27660
2020/4/21,2020/04/21 14:00,3.76,3.74,3.76,3.74,82620740,311365058,20715
2020/4/21,2020/04/21 15:00,3.79,3.75,3.78,3.76,72158136,273767830,16925
2020/4/22,2020/04/22 10:30,3.80,3.73,3.78,3.75,112461630,425794672,25842
2020/4/22,2020/04/22 11:30,3.78,3.75,3.76,3.77,40401144,152916112,10545
2020/4/22,2020/04/22 14:00,3.79,3.75,3.77,3.76,88109574,334522062,15610
2020/4/22,2020/04/22 15:00,3.79,3.77,3.79,3.77,86280834,328011004,17479
2020/4/23,2020/04/23 10:30,3.81,3.75,3.77,3.81,134632472,510732089,27003
2020/4/23,2020/04/23 11:30,3.77,3.75,3.75,3.76,51247200,193697747,11450
2020/4/23,2020/04/23 14:00,3.77,3.75,3.76,3.75,57619319,217892527,12511
2020/4/23,2020/04/23 15:00,3.77,3.74,3.75,3.76,94247689,355540735,25352
2020/4/24,2020/04/24 10:30,3.77,3.71,3.72,3.74,141641664,531921156,30550
2020/4/24,2020/04/24 11:30,3.73,3.69,3.69,3.72,94194300,351613945,23609
2020/4/24,2020/04/24 14:00,3.70,3.66,3.68,3.70,166942100,617524351,43524
2020/4/24,2020/04/24 15:00,3.69,3.66,3.68,3.68,118940041,439028212,33985
2020/4/27,2020/04/27 10:30,3.71,3.66,3.68,3.68,125786800,466227451,27701
2020/4/27,2020/04/27 11:30,3.69,3.67,3.68,3.68,45791376,169332199,9567
2020/4/27,2020/04/27 14:00,3.68,3.66,3.68,3.67,79449200,293300895,16384
2020/4/27,2020/04/27 15:00,3.68,3.64,3.65,3.67,119363380,438820940,30647
2020/4/28,2020/04/28 10:30,3.63,3.34,3.48,3.62,592769253,2071616246,124133
2020/4/28,2020/04/28 11:30,3.55,3.47,3.55,3.47,145645366,514099548,27943
2020/4/28,2020/04/28 14:00,3.56,3.50,3.53,3.55,96267622,340216917,21546
2020/4/28,2020/04/28 15:00,3.54,3.51,3.53,3.53,93455234,330341993,23506
2020/4/29,2020/04/29 10:30,3.56,3.47,3.53,3.50,130254792,460426673,30248
2020/4/29,2020/04/29 11:30,3.54,3.50,3.51,3.53,47465131,167605231,12950
2020/4/29,2020/04/29 14:00,3.61,3.51,3.59,3.52,206253792,738396397,40914
2020/4/29,2020/04/29 15:00,3.60,3.54,3.56,3.59,121970367,436453666,22083
2020/4/30,2020/04/30 10:30,3.68,3.58,3.67,3.58,314862041,1154928302,60138
2020/4/30,2020/04/30 11:30,3.74,3.65,3.70,3.66,240058428,892673017,43088
2020/4/30,2020/04/30 14:00,3.74,3.70,3.72,3.70,136658729,511132374,29939
2020/4/30,2020/04/30 15:00,3.77,3.71,3.74,3.72,215249379,809832061,47786
2020/5/06,2020/05/06 10:30,3.78,3.66,3.76,3.68,312529755,1172733434,53673
2020/5/06,2020/05/06 11:30,3.79,3.73,3.79,3.75,169426438,639968118,24515
2020/5/06,2020/05/06 14:00,3.81,3.78,3.81,3.79,138664993,529375716,32426
2020/5/06,2020/05/06 15:00,3.81,3.78,3.80,3.80,149250014,570101147,30256
2020/5/07,2020/05/07 10:30,3.85,3.76,3.78,3.82,263226815,1006186239,52265
2020/5/07,2020/05/07 11:30,3.80,3.77,3.79,3.78,59338317,225809141,14333
2020/5/07,2020/05/07 14:00,3.79,3.74,3.76,3.78,113709900,429618208,25327
2020/5/07,2020/05/07 15:00,3.77,3.75,3.75,3.76,80238237,303317874,18135
2020/5/08,2020/05/08 10:30,3.86,3.77,3.82,3.78,293458909,1129754446,61603
2020/5/08,2020/05/08 11:30,3.84,3.82,3.83,3.83,83140263,320253948,18853
2020/5/08,2020/05/08 14:00,3.86,3.82,3.83,3.83,153162241,591406304,29794
2020/5/08,2020/05/08 15:00,3.85,3.82,3.84,3.84,138634075,534363036,28100
2020/5/11,2020/05/11 10:30,4.01,3.86,3.98,3.88,594171365,2361210724,120206
2020/5/11,2020/05/11 11:30,3.98,3.95,3.95,3.98,108560400,432964812,29325
2020/5/11,2020/05/11 14:00,3.96,3.90,3.92,3.95,149860969,591096295,34316
2020/5/11,2020/05/11 15:00,3.93,3.88,3.93,3.92,152097518,597904244,36699
2020/5/12,2020/05/12 10:30,3.95,3.84,3.88,3.94,243136803,948199485,50041
2020/5/12,2020/05/12 11:30,3.88,3.84,3.85,3.87,84786829,329246549,18904
2020/5/12,2020/05/12 14:00,3.90,3.83,3.89,3.84,109599906,425692557,24900
2020/5/12,2020/05/12 15:00,3.90,3.87,3.90,3.90,78524473,306863910,18307
2020/5/13,2020/05/13 10:30,3.89,3.84,3.85,3.86,165036441,639625555,31659
2020/5/13,2020/05/13 11:30,3.87,3.83,3.84,3.85,71131379,275063965,15560
2020/5/13,2020/05/13 14:00,3.86,3.83,3.86,3.83,67933283,262855302,14463
2020/5/13,2020/05/13 15:00,3.92,3.85,3.88,3.85,185891866,726109761,30815
2020/5/14,2020/05/14 10:30,3.88,3.83,3.84,3.84,148154347,573324026,34059
2020/5/14,2020/05/14 11:30,3.89,3.84,3.87,3.85,79554849,309218200,16249
2020/5/14,2020/05/14 14:00,3.88,3.84,3.85,3.88,77817783,301169596,16582
2020/5/14,2020/05/14 15:00,3.88,3.83,3.84,3.86,135893973,525981613,25357
2020/5/15,2020/05/15 10:30,3.88,3.81,3.86,3.86,155720833,601381207,26962
2020/5/15,2020/05/15 11:30,3.94,3.84,3.93,3.86,272016969,1065638529,44015
2020/5/15,2020/05/15 14:00,3.97,3.91,3.92,3.93,224917115,891118157,43056
2020/5/15,2020/05/15 15:00,3.94,3.90,3.91,3.92,116573111,459242986,26767
2020/5/18,2020/05/18 10:30,3.90,3.79,3.86,3.90,372671910,1438144278,59430
2020/5/18,2020/05/18 11:30,3.86,3.83,3.84,3.86,65478680,252877774,14704
2020/5/18,2020/05/18 14:00,3.85,3.80,3.82,3.84,147925761,567887813,30641
2020/5/18,2020/05/18 15:00,3.82,3.76,3.78,3.81,267895489,1019100372,64468
2020/5/19,2020/05/19 10:30,3.85,3.79,3.84,3.82,174524139,671455615,32146
2020/5/19,2020/05/19 11:30,3.84,3.80,3.82,3.84,60064450,230649996,12808
2020/5/19,2020/05/19 14:00,3.84,3.81,3.84,3.82,94202032,362395699,15625
2020/5/19,2020/05/19 15:00,3.84,3.81,3.83,3.83,109643922,421928744,19952
2020/5/20,2020/05/20 10:30,3.94,3.81,3.90,3.84,397532607,1554251787,73916
2020/5/20,2020/05/20 11:30,3.96,3.89,3.89,3.89,249069415,984869532,47558
2020/5/20,2020/05/20 14:00,3.91,3.88,3.89,3.90,82425068,322325213,17500
2020/5/20,2020/05/20 15:00,3.89,3.86,3.89,3.88,116227524,452846183,24665
2020/5/21,2020/05/21 10:30,3.93,3.85,3.86,3.92,187320241,730969901,34597
2020/5/21,2020/05/21 11:30,3.92,3.86,3.87,3.86,112518248,440170500,18132
2020/5/21,2020/05/21 14:00,3.92,3.85,3.86,3.87,124898856,487185775,20883
2020/5/21,2020/05/21 15:00,3.87,3.82,3.85,3.87,138049208,533111815,31214
2020/5/22,2020/05/22 10:30,3.84,3.78,3.78,3.83,217199728,830341515,43562
2020/5/22,2020/05/22 11:30,3.81,3.78,3.79,3.78,89104131,339360645,22448
2020/5/22,2020/05/22 14:00,3.79,3.73,3.76,3.78,135710214,512053597,34734
2020/5/22,2020/05/22 15:00,3.78,3.75,3.75,3.76,106581366,402779611,25141
2020/5/25,2020/05/25 10:30,3.74,3.68,3.71,3.73,155451464,579718199,33454
2020/5/25,2020/05/25 11:30,3.72,3.68,3.69,3.71,63669714,236451878,15974
2020/5/25,2020/05/25 14:00,3.70,3.68,3.68,3.70,46589910,172761118,15214
2020/5/25,2020/05/25 15:00,3.69,3.67,3.69,3.69,63338816,234457793,20653
2020/5/26,2020/05/26 10:30,3.75,3.70,3.74,3.71,102989414,385959267,22009
2020/5/26,2020/05/26 11:30,3.74,3.71,3.73,3.73,38540354,144322617,8001
2020/5/26,2020/05/26 14:00,3.75,3.72,3.74,3.73,64829361,243403617,12283
2020/5/26,2020/05/26 15:00,3.76,3.73,3.75,3.74,72640087,273619515,15684
2020/5/27,2020/05/27 10:30,3.76,3.69,3.69,3.76,105783924,395410086,21882
2020/5/27,2020/05/27 11:30,3.71,3.68,3.70,3.69,53912903,200323640,11411
2020/5/27,2020/05/27 14:00,3.71,3.69,3.70,3.70,29064947,108149134,7903
2020/5/27,2020/05/27 15:00,3.70,3.68,3.69,3.70,60199141,223414104,15057
2020/5/28,2020/05/28 10:30,3.74,3.68,3.69,3.69,120449505,449233654,20959
2020/5/28,2020/05/28 11:30,3.70,3.64,3.64,3.69,90611510,334114652,23176
2020/5/28,2020/05/28 14:00,3.66,3.63,3.64,3.64,59128502,216672971,15656
2020/5/28,2020/05/28 15:00,3.69,3.64,3.68,3.65,63125145,232973192,12913
2020/5/29,2020/05/29 10:30,3.76,3.64,3.74,3.67,187532692,699347722,30459
2020/5/29,2020/05/29 11:30,3.75,3.71,3.71,3.74,87560700,329096184,15010
2020/5/29,2020/05/29 14:00,3.74,3.71,3.71,3.72,43790871,163909354,8856
2020/5/29,2020/05/29 15:00,3.72,3.67,3.69,3.71,113546957,421237324,19512
2020/6/01,2020/06/01 10:30,3.86,3.70,3.83,3.71,385787912,1473278434,70022
2020/6/01,2020/06/01 11:30,3.86,3.82,3.86,3.83,137117449,528888089,27278
2020/6/01,2020/06/01 14:00,3.90,3.86,3.88,3.86,228416854,889939597,50923
2020/6/01,2020/06/01 15:00,3.92,3.85,3.91,3.87,308764723,1207988530,66412
2020/6/02,2020/06/02 10:30,4.07,3.92,4.01,3.94,695499177,2801561797,134314
2020/6/02,2020/06/02 11:30,4.11,4.01,4.09,4.01,386749361,1579122897,79276
2020/6/02,2020/06/02 14:00,4.30,4.09,4.24,4.09,728512916,3088464848,151720
2020/6/02,2020/06/02 15:00,4.30,4.22,4.23,4.24,425806042,1823840617,111236
2020/6/03,2020/06/03 10:30,4.34,4.17,4.23,4.28,736433027,3138183657,126588
2020/6/03,2020/06/03 11:30,4.30,4.22,4.28,4.23,281057908,1205122790,51986
2020/6/03,2020/06/03 14:00,4.33,4.25,4.31,4.28,348750135,1503864861,61276
2020/6/03,2020/06/03 15:00,4.31,4.21,4.21,4.30,295276264,1258447587,58575
2020/6/04,2020/06/04 10:30,4.40,4.29,4.35,4.32,721239840,3146326457,121938
2020/6/04,2020/06/04 11:30,4.39,4.32,4.35,4.35,337938764,1479813742,62683
2020/6/04,2020/06/04 14:00,4.35,4.31,4.32,4.35,153769543,668793825,30284
2020/6/04,2020/06/04 15:00,4.33,4.29,4.31,4.32,192827308,834933124,45244
2020/6/05,2020/06/05 10:30,4.40,4.29,4.31,4.35,446424046,1950458140,76482
2020/6/05,2020/06/05 11:30,4.35,4.24,4.25,4.31,181586308,783762659,38664
2020/6/05,2020/06/05 14:00,4.28,4.24,4.28,4.25,179614678,768533165,33916
2020/6/05,2020/06/05 15:00,4.32,4.27,4.32,4.28,196851185,849386624,36272
2020/6/08,2020/06/08 10:30,4.75,4.44,4.69,4.45,1532750232,7166916328,236204
2020/6/08,2020/06/08 11:30,4.73,4.66,4.70,4.69,364356373,1720011033,80574
2020/6/08,2020/06/08 14:00,4.73,4.68,4.70,4.70,218478326,1032884350,61381
2020/6/08,2020/06/08 15:00,4.75,4.68,4.72,4.70,310485992,1472082892,85563
2020/6/09,2020/06/09 10:30,4.67,4.51,4.54,4.63,851209425,3915352824,171269
2020/6/09,2020/06/09 11:30,4.59,4.52,4.59,4.54,255681524,1169286455,47246
2020/6/09,2020/06/09 14:00,4.60,4.54,4.55,4.59,230805232,1060052940,45253
2020/6/09,2020/06/09 15:00,4.60,4.54,4.58,4.54,230043194,1056976379,47972
2020/6/10,2020/06/10 10:30,4.62,4.50,4.56,4.55,467343088,2141937976,79737
2020/6/10,2020/06/10 11:30,4.62,4.54,4.60,4.57,173001253,794948472,30625
2020/6/10,2020/06/10 14:00,4.78,4.61,4.75,4.61,635839515,2998781894,114859
2020/6/10,2020/06/10 15:00,4.83,4.73,4.78,4.76,458256815,2201065504,106408
2020/6/11,2020/06/11 10:30,4.80,4.70,4.76,4.73,451338127,2154568696,88720
2020/6/11,2020/06/11 11:30,4.78,4.73,4.77,4.77,148644050,710439826,31962
2020/6/11,2020/06/11 14:00,4.77,4.64,4.64,4.77,372515400,1750542369,81160
2020/6/11,2020/06/11 15:00,4.65,4.57,4.63,4.64,305920673,1418284555,80804
2020/6/12,2020/06/12 10:30,4.62,4.48,4.58,4.48,541830835,2465942585,92320
2020/6/12,2020/06/12 11:30,4.70,4.58,4.64,4.59,189496660,886230568,40784
2020/6/12,2020/06/12 14:00,4.67,4.60,4.66,4.64,106135358,493798508,26604
2020/6/12,2020/06/12 15:00,4.67,4.61,4.61,4.66,187985863,874705692,36628
2020/6/15,2020/06/15 10:30,4.61,4.38,4.59,4.47,599868447,2688172646,116392
2020/6/15,2020/06/15 11:30,4.60,4.51,4.54,4.60,125082521,570711582,24407
2020/6/15,2020/06/15 14:00,4.54,4.42,4.43,4.53,220949740,991328114,51728
2020/6/15,2020/06/15 15:00,4.47,4.39,4.40,4.42,299695722,1330640148,64416
2020/6/16,2020/06/16 10:30,4.60,4.47,4.50,4.57,471440677,2151801017,87810
2020/6/16,2020/06/16 11:30,4.53,4.47,4.49,4.50,111689652,504773517,23871
2020/6/16,2020/06/16 14:00,4.52,4.48,4.51,4.50,87227682,394536751,20141
2020/6/16,2020/06/16 15:00,4.53,4.49,4.52,4.52,127906288,580073274,29888
2020/6/17,2020/06/17 10:30,4.51,4.38,4.41,4.51,417036840,1857563820,79138
2020/6/17,2020/06/17 11:30,4.45,4.40,4.42,4.41,137723066,611978151,23187
2020/6/17,2020/06/17 14:00,4.42,4.39,4.41,4.42,125067021,553165781,29956
2020/6/17,2020/06/17 15:00,4.43,4.40,4.43,4.40,137759479,611676965,29905
2020/6/18,2020/06/18 10:30,4.54,4.42,4.52,4.43,464353651,2097651224,73182
2020/6/18,2020/06/18 11:30,4.58,4.48,4.55,4.52,307780777,1403197544,46458
2020/6/18,2020/06/18 14:00,4.56,4.51,4.53,4.56,176006938,801374190,28258
2020/6/18,2020/06/18 15:00,4.54,4.51,4.53,4.53,167307752,760843492,31529
2020/6/19,2020/06/19 10:30,4.59,4.49,4.52,4.53,325063465,1479739227,49364
2020/6/19,2020/06/19 11:30,4.52,4.48,4.51,4.52,150437008,679924053,27911
2020/6/19,2020/06/19 14:00,4.56,4.50,4.55,4.51,207220821,943227419,26779
2020/6/19,2020/06/19 15:00,4.57,4.51,4.57,4.55,375805653,1714502861,40770
2020/6/22,2020/06/22 10:30,4.66,4.58,4.60,4.62,484281061,2251419459,74821
2020/6/22,2020/06/22 11:30,4.63,4.56,4.63,4.61,171994837,794032398,28376
2020/6/22,2020/06/22 14:00,4.63,4.59,4.60,4.62,146375075,678110527,26420
2020/6/22,2020/06/22 15:00,4.60,4.54,4.58,4.59,187945381,862302613,39751
2020/6/23,2020/06/23 10:30,4.76,4.62,4.64,4.67,655639597,3085363123,97026
2020/6/23,2020/06/23 11:30,4.65,4.58,4.60,4.63,150663502,697663703,26670
2020/6/23,2020/06/23 14:00,4.62,4.55,4.60,4.59,172878817,795234656,32645
2020/6/23,2020/06/23 15:00,4.60,4.56,4.58,4.59,163997762,754648601,29583
2020/6/24,2020/06/24 10:30,4.62,4.51,4.53,4.61,327756295,1500697860,57099
2020/6/24,2020/06/24 11:30,4.54,4.49,4.50,4.53,156189364,708431560,31086
2020/6/24,2020/06/24 14:00,4.50,4.44,4.48,4.49,184411018,828188263,43925
2020/6/24,2020/06/24 15:00,4.51,4.46,4.51,4.47,147590480,664037507,32209
2020/6/29,2020/06/29 10:30,4.66,4.48,4.62,4.51,442626488,2040329319,82455
2020/6/29,2020/06/29 11:30,4.67,4.61,4.64,4.62,244395356,1139666333,49181
2020/6/29,2020/06/29 14:00,4.65,4.60,4.62,4.63,127728458,593055422,24126
2020/6/29,2020/06/29 15:00,4.62,4.56,4.61,4.62,176110731,812236204,34355
2020/6/30,2020/06/30 10:30,4.66,4.59,4.64,4.62,260491637,1209787297,44257
2020/6/30,2020/06/30 11:30,4.67,4.61,4.66,4.64,173485249,808684393,31438
2020/6/30,2020/06/30 14:00,4.67,4.62,4.62,4.67,188100018,878018246,30004
2020/6/30,2020/06/30 15:00,4.65,4.60,4.65,4.62,195499924,908073919,31610
2020/7/01,2020/07/01 10:30,4.63,4.58,4.62,4.63,262205461,1212390401,44263
2020/7/01,2020/07/01 11:30,4.62,4.59,4.61,4.61,120375922,556836825,21618
2020/7/01,2020/07/01 14:00,4.61,4.53,4.54,4.61,225555858,1036201042,51282
2020/7/01,2020/07/01 15:00,4.63,4.54,4.63,4.54,173547888,798924185,33833
2020/7/02,2020/07/02 10:30,4.70,4.58,4.68,4.63,446764865,2084792671,67134
2020/7/02,2020/07/02 11:30,4.70,4.64,4.66,4.68,201722471,946162459,30738
2020/7/02,2020/07/02 14:00,4.68,4.65,4.67,4.66,169776627,795618709,30599
2020/7/02,2020/07/02 15:00,4.85,4.67,4.85,4.67,685291963,3287578997,150082
2020/7/03,2020/07/03 10:30,4.82,4.71,4.72,4.82,536661679,2559988469,104855
2020/7/03,2020/07/03 11:30,4.77,4.72,4.74,4.73,140752584,671339883,24919
2020/7/03,2020/07/03 14:00,4.76,4.73,4.75,4.75,173369026,825762484,30986
2020/7/03,2020/07/03 15:00,4.78,4.73,4.78,4.75,234190939,1119240894,43002
2020/7/06,2020/07/06 10:30,4.94,4.75,4.92,4.79,647100589,3142064779,112650
2020/7/06,2020/07/06 11:30,5.03,4.92,4.99,4.93,354139252,1766418190,83003
2020/7/06,2020/07/06 14:00,5.03,4.93,4.98,5.00,325712485,1621572562,67671
2020/7/06,2020/07/06 15:00,5.02,4.97,5.01,4.98,326034757,1629170014,66923
2020/7/07,2020/07/07 10:30,5.40,5.13,5.30,5.13,1172319720,6177729592,216296
2020/7/07,2020/07/07 11:30,5.34,5.26,5.33,5.29,225924795,1197855870,51326
2020/7/07,2020/07/07 14:00,5.40,5.33,5.35,5.34,274865970,1474689075,69176
2020/7/07,2020/07/07 15:00,5.35,5.19,5.19,5.35,422251498,2223526284,106768
2020/7/08,2020/07/08 10:30,5.38,5.07,5.19,5.32,708728130,3700091388,147302
2020/7/08,2020/07/08 11:30,5.27,5.18,5.21,5.18,173060750,904121836,39357
2020/7/08,2020/07/08 14:00,5.26,5.15,5.24,5.22,217791322,1133921276,52265
2020/7/08,2020/07/08 15:00,5.30,5.23,5.28,5.24,329427156,1738039058,71134
2020/7/09,2020/07/09 10:30,5.31,5.20,5.23,5.21,513607342,2691436907,112249
2020/7/09,2020/07/09 11:30,5.28,5.18,5.28,5.22,245957834,1283377427,58403
2020/7/09,2020/07/09 14:00,5.47,5.25,5.30,5.28,577455003,3092410983,112382
2020/7/09,2020/07/09 15:00,5.32,5.25,5.32,5.30,275313346,1455480946,63780
2020/7/10,2020/07/10 10:30,5.25,5.13,5.14,5.22,608060057,3160157349,139298
2020/7/10,2020/07/10 11:30,5.17,5.08,5.14,5.14,351950299,1802983523,89622
2020/7/10,2020/07/10 14:00,5.15,5.10,5.14,5.14,224524221,1149598462,56871
2020/7/10,2020/07/10 15:00,5.15,5.04,5.08,5.14,368239336,1874249970,103421
2020/7/13,2020/07/13 10:30,5.16,5.02,5.14,5.04,480097237,2445561304,102774
2020/7/13,2020/07/13 11:30,5.23,5.14,5.21,5.14,298089009,1546524014,55397
2020/7/13,2020/07/13 14:00,5.27,5.20,5.24,5.20,302477201,1583905409,64841
2020/7/13,2020/07/13 15:00,5.27,5.21,5.26,5.23,309589433,1624079796,68299
2020/7/14,2020/07/14 10:30,5.38,5.12,5.13,5.29,599093753,3144486187,136365
2020/7/14,2020/07/14 11:30,5.18,5.10,5.13,5.13,182990968,940663042,48933
2020/7/14,2020/07/14 14:00,5.14,5.06,5.08,5.13,291345321,1485657865,75512
2020/7/14,2020/07/14 15:00,5.19,5.07,5.17,5.08,235174793,1208634027,49457
2020/7/15,2020/07/15 10:30,5.20,5.05,5.06,5.18,351850348,1792045653,82730
2020/7/15,2020/07/15 11:30,5.06,4.91,4.97,5.06,368144199,1836994106,96174
2020/7/15,2020/07/15 14:00,5.08,4.96,5.05,4.97,160750056,809088296,40025
2020/7/15,2020/07/15 15:00,5.06,4.94,4.94,5.05,215085741,1072155252,63674
2020/7/16,2020/07/16 10:30,5.04,4.86,4.90,4.96,389107244,1929519162,85287
2020/7/16,2020/07/16 11:30,4.93,4.86,4.89,4.90,190111115,930635730,39872
2020/7/16,2020/07/16 14:00,4.92,4.78,4.82,4.88,322644323,1566512066,66369
2020/7/16,2020/07/16 15:00,4.85,4.64,4.69,4.82,411536427,1944609916,104390
2020/7/17,2020/07/17 10:30,4.74,4.62,4.71,4.70,370863458,1736984133,83531
2020/7/17,2020/07/17 11:30,4.75,4.63,4.63,4.71,156698001,735093837,44090
2020/7/17,2020/07/17 14:00,4.64,4.53,4.60,4.63,289721467,1328216581,65565
2020/7/17,2020/07/17 15:00,4.65,4.57,4.63,4.61,170620669,787923253,40204
2020/7/20,2020/07/20 10:30,4.72,4.65,4.70,4.69,330903233,1549956169,59637
2020/7/20,2020/07/20 11:30,4.79,4.69,4.77,4.69,200546338,952273572,41959
2020/7/20,2020/07/20 14:00,4.81,4.74,4.76,4.77,190092773,907687039,40004
2020/7/20,2020/07/20 15:00,4.82,4.74,4.82,4.76,168440322,807342064,42547
2020/7/21,2020/07/21 10:30,5.03,4.80,4.97,4.85,728700324,3581597137,116112
2020/7/21,2020/07/21 11:30,4.97,4.90,4.92,4.96,155574706,768071400,37673
2020/7/21,2020/07/21 14:00,4.96,4.90,4.94,4.93,99215681,489647166,26758
2020/7/21,2020/07/21 15:00,4.95,4.91,4.94,4.95,122895341,605717487,31089
2020/7/22,2020/07/22 10:30,4.97,4.88,4.93,4.92,283133889,1395887198,55957
2020/7/22,2020/07/22 11:30,5.04,4.92,5.01,4.92,298642281,1489899983,56616
2020/7/22,2020/07/22 14:00,5.03,4.94,4.95,5.00,147992660,737619501,33032
2020/7/22,2020/07/22 15:00,4.97,4.91,4.94,4.95,164166729,810456923,39886
2020/7/23,2020/07/23 10:30,4.91,4.70,4.75,4.90,521180988,2504947829,121365
2020/7/23,2020/07/23 11:30,4.76,4.65,4.71,4.74,296699896,1392621097,76951
2020/7/23,2020/07/23 14:00,4.76,4.69,4.76,4.71,153907759,727198560,38410
2020/7/23,2020/07/23 15:00,4.79,4.73,4.78,4.76,179249216,853742024,41211
2020/7/24,2020/07/24 10:30,4.77,4.68,4.70,4.73,214936602,1013214773,49046
2020/7/24,2020/07/24 11:30,4.70,4.60,4.62,4.69,178527615,831074080,53995
2020/7/24,2020/07/24 14:00,4.61,4.53,4.54,4.61,286367179,1308583961,81576
2020/7/24,2020/07/24 15:00,4.57,4.50,4.52,4.53,252973250,1145247502,74404
2020/7/27,2020/07/27 10:30,4.57,4.43,4.47,4.52,234777649,1054993842,55879
2020/7/27,2020/07/27 11:30,4.50,4.46,4.47,4.47,94023039,420871106,18496
2020/7/27,2020/07/27 14:00,4.48,4.42,4.47,4.46,125952713,560896610,32279
2020/7/27,2020/07/27 15:00,4.48,4.44,4.47,4.48,103630943,461957633,25423
2020/7/28,2020/07/28 10:30,4.65,4.51,4.61,4.51,324561733,1492775844,68423
2020/7/28,2020/07/28 11:30,4.62,4.59,4.60,4.61,80770036,371685548,17947
2020/7/28,2020/07/28 14:00,4.61,4.51,4.53,4.60,118790838,541122778,27464
2020/7/28,2020/07/28 15:00,4.59,4.53,4.59,4.53,97542253,445603639,23760
2020/7/29,2020/07/29 11:30,4.66,4.51,4.61,4.56,359574235,1653471563,73648
2020/7/29,2020/07/29 14:00,4.65,4.60,4.63,4.62,107189919,496347103,22114
2020/7/29,2020/07/29 15:00,4.68,4.63,4.68,4.64,193059016,900190099,46846
2020/7/30,2020/07/30 10:30,4.73,4.61,4.62,4.70,273944390,1280227681,52639
2020/7/30,2020/07/30 11:30,4.64,4.60,4.62,4.62,88233475,407577980,19989
2020/7/30,2020/07/30 14:00,4.64,4.59,4.62,4.62,82288673,379499618,20847
2020/7/30,2020/07/30 15:00,4.62,4.58,4.59,4.61,144423987,663162601,35124
2020/7/31,2020/07/31 10:30,4.74,4.58,4.68,4.60,351085762,1648455823,74867
2020/7/31,2020/07/31 11:30,4.70,4.62,4.66,4.68,167984659,782352366,32832
2020/7/31,2020/07/31 14:00,4.67,4.63,4.65,4.66,56107786,260967602,14692
2020/7/31,2020/07/31 15:00,4.67,4.63,4.67,4.65,102869334,479494715,25511
2020/8/03,2020/08/03 10:30,4.78,4.70,4.74,4.72,288565256,1369565402,60591
2020/8/03,2020/08/03 11:30,4.79,4.72,4.77,4.74,207556679,988178933,38397
2020/8/03,2020/08/03 14:00,4.82,4.76,4.79,4.77,189087449,906610754,46086
2020/8/03,2020/08/03 15:00,4.81,4.76,4.80,4.79,155977839,745972757,34624
2020/8/04,2020/08/04 10:30,4.83,4.70,4.71,4.82,329445450,1562821438,66931
2020/8/04,2020/08/04 11:30,4.77,4.71,4.72,4.72,122847500,582240700,21701
2020/8/04,2020/08/04 14:00,4.76,4.72,4.75,4.73,112825172,534421142,19403
2020/8/04,2020/08/04 15:00,4.78,4.72,4.75,4.76,133865144,635188580,26714
2020/8/05,2020/08/05 10:30,4.81,4.65,4.71,4.79,339315945,1594862608,68174
2020/8/05,2020/08/05 11:30,4.75,4.67,4.75,4.71,166655761,782889298,25839
2020/8/05,2020/08/05 14:00,4.76,4.69,4.69,4.74,135970950,641690029,24974
2020/8/05,2020/08/05 15:00,4.77,4.69,4.77,4.70,229413147,1086846676,37834
2020/8/06,2020/08/06 10:30,4.88,4.75,4.76,4.85,477854638,2295497323,74646
2020/8/06,2020/08/06 11:30,4.82,4.75,4.81,4.76,232872621,1115219304,41051
2020/8/06,2020/08/06 14:00,4.89,4.77,4.87,4.80,443755718,2151719011,83658
2020/8/06,2020/08/06 15:00,4.94,4.86,4.93,4.88,403968136,1981555932,99525
2020/8/07,2020/08/07 10:30,4.89,4.76,4.76,4.88,458032251,2211877533,84721
2020/8/07,2020/08/07 11:30,4.82,4.75,4.77,4.76,117981305,564077652,28823
2020/8/07,2020/08/07 14:00,4.81,4.71,4.79,4.77,177101763,842275707,41160
2020/8/07,2020/08/07 15:00,4.83,4.78,4.79,4.80,138674170,665937134,29944
2020/8/10,2020/08/10 10:30,4.82,4.69,4.80,4.73,260297085,1235863235,47359
2020/8/10,2020/08/10 11:30,4.82,4.78,4.80,4.80,139893010,671661500,21203
2020/8/10,2020/08/10 14:00,4.87,4.79,4.86,4.79,202795170,982220799,35926
2020/8/10,2020/08/10 15:00,4.86,4.79,4.80,4.86,109705532,528918301,25750
2020/8/11,2020/08/11 10:30,4.89,4.76,4.83,4.78,339355307,1645113839,50681
2020/8/11,2020/08/11 11:30,4.84,4.80,4.81,4.83,67814710,326877417,15888
2020/8/11,2020/08/11 14:00,4.82,4.78,4.79,4.81,75747789,363704731,18486
2020/8/11,2020/08/11 15:00,4.80,4.66,4.69,4.79,270465927,1276978358,71050
2020/8/12,2020/08/12 10:30,4.71,4.62,4.62,4.65,257421803,1197883312,49402
2020/8/12,2020/08/12 11:30,4.65,4.60,4.60,4.63,127724024,590074948,29780
2020/8/12,2020/08/12 14:00,4.62,4.57,4.60,4.61,124544440,571817749,35189
2020/8/12,2020/08/12 15:00,4.69,4.60,4.69,4.61,147639947,688457247,27833
2020/8/13,2020/08/13 10:30,4.80,4.68,4.78,4.71,270914817,1281882126,47818
2020/8/13,2020/08/13 11:30,4.82,4.77,4.80,4.78,240685742,1155631039,45151
2020/8/13,2020/08/13 14:00,4.91,4.80,4.87,4.80,467335126,2277839422,90430
2020/8/13,2020/08/13 15:00,4.88,4.83,4.85,4.88,166581089,808302037,44149
2020/8/14,2020/08/14 10:30,5.02,4.82,4.92,4.84,605778269,2991391334,111497
2020/8/14,2020/08/14 11:30,4.94,4.85,4.93,4.92,168552762,825106062,37045
2020/8/14,2020/08/14 14:00,4.97,4.93,4.95,4.93,170733247,846011206,42922
2020/8/14,2020/08/14 15:00,4.96,4.90,4.94,4.94,206394158,1017488980,45305
2020/8/17,2020/08/17 10:30,5.24,5.10,5.17,5.11,884388683,4574685406,178285
2020/8/17,2020/08/17 11:30,5.36,5.17,5.30,5.18,716916881,3790007811,157017
2020/8/17,2020/08/17 14:00,5.33,5.22,5.22,5.30,201666089,1061473538,66773
2020/8/17,2020/08/17 15:00,5.23,5.18,5.23,5.22,222378157,1158371817,67830
2020/8/18,2020/08/18 10:30,5.30,5.13,5.14,5.28,592674485,3093494242,108536
2020/8/18,2020/08/18 11:30,5.19,5.12,5.18,5.14,209857295,1081990428,42932
2020/8/18,2020/08/18 14:00,5.26,5.18,5.23,5.18,273644238,1430509796,45401
2020/8/18,2020/08/18 15:00,5.25,5.21,5.24,5.23,192328309,1006166401,42723
2020/8/19,2020/08/19 10:30,5.32,5.21,5.23,5.22,441312257,2326703697,77851
2020/8/19,2020/08/19 11:30,5.27,5.18,5.19,5.23,182309321,951989019,39989
2020/8/19,2020/08/19 14:00,5.24,5.15,5.16,5.19,217647187,1129577953,44856
2020/8/19,2020/08/19 15:00,5.17,5.11,5.13,5.16,225722039,1160147341,59692
2020/8/20,2020/08/20 10:30,5.21,5.03,5.18,5.08,363246364,1864639404,59565
2020/8/20,2020/08/20 11:30,5.22,5.11,5.17,5.18,177175827,915843767,30705
2020/8/20,2020/08/20 14:00,5.20,5.14,5.17,5.17,136413690,704787457,22864
2020/8/20,2020/08/20 15:00,5.23,5.15,5.18,5.16,255478860,1324336740,46410
2020/8/21,2020/08/21 10:30,5.43,5.21,5.27,5.33,559886873,2958684347,86968
2020/8/21,2020/08/21 11:30,5.29,5.23,5.25,5.28,112454177,591177738,27364
2020/8/21,2020/08/21 14:00,5.26,5.21,5.22,5.25,90078264,471599828,27558
2020/8/21,2020/08/21 15:00,5.23,5.16,5.19,5.22,157503372,816972422,42008
2020/8/24,2020/08/24 10:30,5.42,5.20,5.39,5.22,688060667,3666208581,136531
2020/8/24,2020/08/24 11:30,5.44,5.36,5.42,5.40,293184292,1583148615,65370
2020/8/24,2020/08/24 14:00,5.58,5.42,5.49,5.42,524410366,2880788812,122050
2020/8/24,2020/08/24 15:00,5.51,5.42,5.46,5.50,196847680,1074324121,56114
2020/8/25,2020/08/25 10:30,5.48,5.35,5.40,5.46,503672521,2719034375,93124
2020/8/25,2020/08/25 11:30,5.40,5.29,5.32,5.39,220327334,1177306450,53488
2020/8/25,2020/08/25 14:00,5.35,5.29,5.31,5.33,171118969,909051069,42181
2020/8/25,2020/08/25 15:00,5.35,5.29,5.35,5.31,156410029,832538284,41036
2020/8/26,2020/08/26 10:30,5.33,5.17,5.27,5.29,406151118,2124102325,77923
2020/8/26,2020/08/26 11:30,5.27,5.12,5.13,5.26,208097730,1077246072,50527
2020/8/26,2020/08/26 14:00,5.17,5.08,5.10,5.13,210442723,1078167345,49906
2020/8/26,2020/08/26 15:00,5.10,5.03,5.05,5.10,311588217,1576001334,78188
2020/8/27,2020/08/27 10:30,5.14,5.03,5.06,5.06,266978848,1357881450,57544
2020/8/27,2020/08/27 11:30,5.13,5.06,5.13,5.07,92936416,474021941,20918
2020/8/27,2020/08/27 14:00,5.14,5.08,5.09,5.12,117327958,600229170,21754
2020/8/27,2020/08/27 15:00,5.12,5.07,5.12,5.08,136125569,693263556,29161
2020/8/28,2020/08/28 10:30,5.29,5.13,5.28,5.15,397619520,2071173595,73142
2020/8/28,2020/08/28 11:30,5.32,5.26,5.28,5.29,214136510,1133322077,44997
2020/8/28,2020/08/28 14:00,5.45,5.27,5.45,5.29,460380832,2471862225,100413
2020/8/28,2020/08/28 15:00,5.48,5.40,5.43,5.45,437869328,2380857636,100056
2020/8/31,2020/08/31 10:30,5.70,5.50,5.67,5.65,996517332,5602858548,157051
2020/8/31,2020/08/31 11:30,5.69,5.61,5.62,5.67,256520447,1451564406,51422
2020/8/31,2020/08/31 14:00,5.63,5.55,5.55,5.62,193760282,1081301028,49080
2020/8/31,2020/08/31 15:00,5.56,5.48,5.50,5.56,294138498,1622515780,70382
2020/9/01,2020/09/01 10:30,5.60,5.50,5.50,5.53,341993108,1899166076,70540
2020/9/01,2020/09/01 11:30,5.59,5.49,5.57,5.50,144606507,801735005,32404
2020/9/01,2020/09/01 14:00,5.58,5.52,5.54,5.56,109098505,605704698,27662
2020/9/01,2020/09/01 15:00,5.57,5.51,5.57,5.54,142919965,791378955,37974
2020/9/02,2020/09/02 10:30,5.75,5.53,5.72,5.62,599334117,3396296151,119797
2020/9/02,2020/09/02 11:30,5.77,5.65,5.69,5.73,275805569,1574247667,56842
2020/9/02,2020/09/02 14:00,5.75,5.69,5.72,5.69,165261410,945853488,38789
2020/9/02,2020/09/02 15:00,5.80,5.71,5.74,5.73,376461911,2168474765,87248
2020/9/03,2020/09/03 10:30,5.78,5.60,5.71,5.78,432105701,2449209172,88141
2020/9/03,2020/09/03 11:30,5.72,5.64,5.71,5.71,195953335,1114685303,33264
2020/9/03,2020/09/03 14:00,5.78,5.69,5.76,5.71,270327989,1550766456,44814
2020/9/03,2020/09/03 15:00,5.78,5.69,5.71,5.76,238010536,1366498376,49544
2020/9/04,2020/09/04 10:30,5.68,5.52,5.60,5.55,367890148,2064543043,77959
2020/9/04,2020/09/04 11:30,5.60,5.53,5.57,5.59,139087004,773552639,39851
2020/9/04,2020/09/04 14:00,5.60,5.55,5.59,5.57,104964841,585511128,25382
2020/9/04,2020/09/04 15:00,5.64,5.59,5.62,5.59,134482923,755543038,32086
2020/9/07,2020/09/07 10:30,5.64,5.46,5.46,5.62,354715190,1969008654,82152
2020/9/07,2020/09/07 11:30,5.52,5.43,5.51,5.47,164602844,899058228,37328
2020/9/07,2020/09/07 14:00,5.51,5.43,5.45,5.51,124533870,681234410,32916
2020/9/07,2020/09/07 15:00,5.47,5.29,5.38,5.45,300390668,1615945557,80164
2020/9/08,2020/09/08 10:30,5.51,5.29,5.44,5.38,292542162,1581638236,63125
2020/9/08,2020/09/08 11:30,5.45,5.35,5.38,5.43,95270888,514429570,22854
2020/9/08,2020/09/08 14:00,5.52,5.36,5.49,5.38,183596003,1002947798,35590
2020/9/08,2020/09/08 15:00,5.52,5.47,5.51,5.50,179284458,985675663,37155